{
  "prompt_v1_scores": {
    "faithfulness": 0.9242857142857142,
    "answer_relevancy": 0.9190551617383739,
    "context_recall": 1.0,
    "context_precision": 0.9633333332436667
  },
  "prompt_v2_scores": {
    "faithfulness": 0.6389365079365079,
    "answer_relevancy": 0.8969901671331474,
    "context_recall": 1.0,
    "context_precision": 0.9666666665748331
  },
  "target_met": true
}